{
    "huge-ConstructionCost+FurthestSites": {
        "construction": 5366.059577446346,
        "operationnal": 1503.8029277393825,
        "time": 348.87582087516785,
        "total": 6869.862505185729
    },
    "huge-furthestSites+2HProbas+4LCost+Turbines+NoSSCables+95Worse": {
        "construction": 6711.840936919075,
        "operationnal": 409.0887569424656,
        "time": 397.59590196609497,
        "total": 7120.929693861541
    },
    "huge-FurthestSites+95%Worse+SubTypes&LandCablesHighProba&LowCost+DummySubSub": {
        "construction": 5072.874177869407,
        "operationnal": 706.9372320840421,
        "time": 123.94119501113892,
        "total": 5779.811409953449
    },
    "huge-FurthestSites+95%Worse+SubTypes&LandCablesHighProba&LowCost+DummySubSub+Turbines": {
        "construction": 5072.9749905480685,
        "operationnal": 980.1557616051377,
        "time": 132.6315619945526,
        "total": 6053.130752153206
    },
    "large-ConstructionCost": {
        "construction": 7196.607968918121,
        "operationnal": 7011.008660516392,
        "time": 0.7015848159790039,
        "total": 14207.616629434513
    },
    "large-ConstructionCost+FurthestSites": {
        "construction": 8638.978590921075,
        "operationnal": 854.869701043726,
        "time": 0.5461940765380859,
        "total": 9493.848291964801
    },
    "large-FurthestSites+95%Worse+SubTypes&LandCablesHighProba&LowCost": {
        "construction": 8106.863372469561,
        "operationnal": 528.8043845053693,
        "time": 12.102035999298096,
        "total": 8635.66775697493
    },
    "large-FurthestSites+95%Worse+SubTypes&LandCablesHighProba&LowCost+DummySubSub": {
        "construction": 8126.7600561155305,
        "operationnal": 578.8300091256982,
        "time": 0.5609099864959717,
        "total": 8705.59006524123
    },
    "large-FurthestSites+95%Worse+SubTypes&LandCablesHighProba&LowCost+DummySubSub+Turbines": {
        "construction": 8126.858953720212,
        "operationnal": 1294.7679593573682,
        "time": 0.5058810710906982,
        "total": 9421.62691307758
    },
    "large-FurthestSites+95%Worse+SubTypes&LandCablesHighProba&LowCost+Turbines": {
        "construction": 8126.858953720212,
        "operationnal": 1294.7679593573682,
        "time": 5.4649858474731445,
        "total": 9421.62691307758
    },
    "large-FurthestSites+95%Worse+SubTypes+LandCables": {
        "construction": 8106.863372469561,
        "operationnal": 528.8043845053693,
        "time": 71.35458111763,
        "total": 8635.66775697493
    },
    "large-FurthestSites+95%Worse+Turbines+DummySubSUb": {
        "construction": 9527.912307475533,
        "operationnal": 221.85187911991224,
        "time": 173.636559009552,
        "total": 9749.764186595447
    },
    "large-Sites+95%+Turbines+DummyCable": {
        "construction": 9527.912307475533,
        "operationnal": 221.85187911991224,
        "time": 169.10976004600525,
        "total": 9749.764186595447
    },
    "medium-2ndFurthestSites+95%+Turbines+DummyCable": {
        "construction": 6570.853080043527,
        "operationnal": 91.06308493150689,
        "time": 4.745087146759033,
        "total": 6661.916164975034
    },
    "medium-FurthestSites+95%Worse+SubTypes&LandCablesHighProba&LowCost": {
        "construction": 6306.716641447354,
        "operationnal": 189.76908368219182,
        "time": 2.115971088409424,
        "total": 6496.485725129546
    },
    "medium-FurthestSites+95%Worse+SubTypes&LandCablesHighProba&LowCost+DummySubSub": {
        "construction": 6306.716641447354,
        "operationnal": 189.76908368219182,
        "time": 0.5955321788787842,
        "total": 6496.485725129546
    },
    "medium-FurthestSites+95%Worse+SubTypes&LandCablesHighProba&LowCost+DummySubSub+Turbines": {
        "construction": 6306.778599111681,
        "operationnal": 1169.944320328767,
        "time": 0.5097751617431641,
        "total": 7476.722919440448
    },
    "medium-FurthestSites+95%Worse+SubTypes&LandCablesHighProba&LowCost+NoSubSub": {
        "construction": 6243.081884470472,
        "operationnal": 775.1317466958902,
        "time": 0.9163351058959961,
        "total": 7018.213631166362
    },
    "medium-FurthestSites+95%Worse+SubTypes+LandCables": {
        "construction": 6306.755851581411,
        "operationnal": 189.76908368219182,
        "time": 6.150393962860107,
        "total": 6496.524935263603
    },
    "medium-onlyFurthestSites+ninetyFivePercentWorse": {
        "construction": 6306.755851581411,
        "operationnal": 189.76908368219182,
        "time": 468.6307849884033,
        "total": 6496.524935263603
    },
    "medium-onlyFurthestSites+ninetyFivePercentWorse+quadratic": {
        "construction": 6306.755851581411,
        "operationnal": 189.76908368219182,
        "time": 883.4570698738098,
        "total": 6496.524935263603
    },
    "medium-onlyFurthestSites+ninetyPercentWorse": {
        "construction": 6134.843720498646,
        "operationnal": 485.3598345863016,
        "time": 569.7751898765564,
        "total": 6620.203555084948
    },
    "medium-onlyFurthestSites+worstCaseScenario": {
        "construction": 6396.125042287495,
        "operationnal": 91.06308493150689,
        "time": 40.022510051727295,
        "total": 6487.188127219001
    },
    "medium-onlyFurthestSites+worstCaseScenario+quadratic": {
        "construction": 6396.125042287495,
        "operationnal": 91.06308493150689,
        "time": 39.9595091342926,
        "total": 6487.188127219001
    },
    "small": {
        "construction": 3209.5799207916425,
        "operationnal": 37.6208978630137,
        "time": 1140.456465959549,
        "total": 3247.2008186546564
    },
    "small-ConstructionCost": {
        "construction": 3284.1184134818945,
        "operationnal": 227.9561917808219,
        "time": 1.1143438816070557,
        "total": 3512.0746052627164
    },
    "small-ConstructionCost+105percent": {
        "construction": 3286.4511586828253,
        "operationnal": 671.9040000000002,
        "time": 0.05962109565734863,
        "total": 3958.3551586828253
    },
    "small-ConstructionCost+110percent": {
        "construction": 3417.830436596766,
        "operationnal": 154.66709589041096,
        "time": 1.4121050834655762,
        "total": 3572.497532487177
    },
    "small-ConstructionCost+ninetyFivePercentWorse": {
        "construction": 3209.404472228275,
        "operationnal": 391.16021917808223,
        "time": 0.8718621730804443,
        "total": 3600.5646914063573
    },
    "small-FurthestSites+95%Worse+SubTypes&LandCablesHighProba&LowCost": {
        "construction": 3209.3497729688893,
        "operationnal": 37.6208978630137,
        "time": 0.27117013931274414,
        "total": 3246.970670831903
    },
    "small-FurthestSites+95%Worse+SubTypes&LandCablesHighProba&LowCost+DummySubSub": {
        "construction": 3209.3497729688893,
        "operationnal": 37.6208978630137,
        "time": 0.22174596786499023,
        "total": 3246.970670831903
    },
    "small-FurthestSites+95%Worse+SubTypes&LandCablesHighProba&LowCost+DummySubSub+Turbines": {
        "construction": 3209.404472228275,
        "operationnal": 391.16021917808223,
        "time": 0.2286369800567627,
        "total": 3600.5646914063573
    },
    "small-FurthestSites+95%Worse+SubTypes+LandCables": {
        "construction": 3209.5799207916425,
        "operationnal": 37.6208978630137,
        "time": 0.395035982131958,
        "total": 3247.2008186546564
    },
    "small-onlyFurthestSites+ninetyFivePercentWorse": {
        "construction": 3209.5799207916425,
        "operationnal": 37.6208978630137,
        "time": 0.8976800441741943,
        "total": 3247.2008186546564
    },
    "small-onlyFurthestSites+ninetyFivePercentWorse+quadratic": {
        "construction": 3209.5799207916425,
        "operationnal": 37.6208978630137,
        "time": 0.9542889595031738,