{
    "onlyFurthestSites+worstCaseScenario-medium": {
        "operationnal": 91.06308493150689,
        "total": 6487.188127219001,
        "construction": 6396.125042287495
    }
}
