{
    "medium-onlyFurthestSites+ninetyPercentWorse": {
        "operationnal": 485.3598345863016,
        "time": 569.7751898765564,
        "total": 6620.203555084948,
        "construction": 6134.843720498646
    },
    "huge-furthestSites+LC+Subs+Probas+Cost+Turbines+95Worse+DummySubSub": {
        "operationnal": 635.4078256078775,
        "time": 105.21727800369263,
        "total": 6297.683128737072,
        "construction": 5662.275303129195
    },
    "small-ConstructionCost": {
        "operationnal": 227.9561917808219,
        "time": 1.1143438816070557,
        "total": 3512.0746052627164,
        "construction": 3284.1184134818945
    },
    "large-furthestSites+95Worse+2-3Prob+LowCost+Cables+Subs": {
        "operationnal": 277.56505559539727,
        "time": 2.870042085647583,
        "total": 8780.318434416817,
        "construction": 8502.753378821419
    },
    "small-furthestSites+95Worse": {
        "operationnal": 37.6208978630137,
        "time": 1.4791710376739502,
        "total": 3246.970670831903,
        "construction": 3209.3497729688893
    },
    "small-onlyFurthestSites+ninetyFivePercentWorse": {
        "operationnal": 37.6208978630137,
        "time": 0.8976800441741943,
        "total": 3247.2008186546564,
        "construction": 3209.5799207916425
    },
    "small": {
        "operationnal": 37.6208978630137,
        "time": 1140.456465959549,
        "total": 3247.2008186546564,
        "construction": 3209.5799207916425
    },
    "medium-FurthestSites+95%Worse+SubTypes&LandCablesHighProba&LowCost+NoSubSub": {
        "operationnal": 775.1317466958902,
        "time": 0.9163351058959961,
        "total": 7018.213631166362,
        "construction": 6243.081884470472
    },
    "small-ConstructionCost+110percent": {
        "operationnal": 154.66709589041096,
        "time": 1.4121050834655762,
        "total": 3572.497532487177,
        "construction": 3417.830436596766
    },
    "huge-furthestSites+2HProbas+4LCost+Turbines+NoSSCables+95Worse": {
        "operationnal": 409.0887569424656,
        "time": 397.59590196609497,
        "total": 7120.929693861541,
        "construction": 6711.840936919075
    },
    "huge-FurthestSites+95%Worse+SubTypes&LandCablesHighProba&LowCost+DummySubSub": {
        "operationnal": 706.9372320840421,
        "time": 123.94119501113892,
        "total": 5779.811409953449,
        "construction": 5072.874177869407
    },
    "medium-FurthestSites+95%Worse+SubTypes+LandCables": {
        "operationnal": 189.76908368219182,
        "time": 6.150393962860107,
        "total": 6496.524935263603,
        "construction": 6306.755851581411
    },
    "small-FurthestSites+95%Worse+SubTypes+LandCables": {
        "operationnal": 37.6208978630137,
        "time": 0.395035982131958,
        "total": 3247.2008186546564,
        "construction": 3209.5799207916425
    },
    "small-onlyFurthestSites+ninetyPercentWorse": {
        "operationnal": 58.51731616438358,
        "time": 4.831736087799072,
        "total": 3268.0752937185803,
        "construction": 3209.557977554197
    },
    "medium-FurthestSites+95%Worse+SubTypes&LandCablesHighProba&LowCost": {
        "operationnal": 189.76908368219182,
        "time": 2.115971088409424,
        "total": 6496.485725129546,
        "construction": 6306.716641447354
    },
    "medium-onlyFurthestSites+worstCaseScenario": {
        "operationnal": 91.06308493150689,
        "time": 40.022510051727295,
        "total": 6487.188127219001,
        "construction": 6396.125042287495
    },
    "large-furthestSites+95Worse+highProb+Cables+Subs": {
        "operationnal": 351.01296198049226,
        "time": 88.60232281684875,
        "total": 8817.423762200882,
        "construction": 8466.41080022039
    },
    "small-FurthestSites+95%Worse+SubTypes&LandCablesHighProba&LowCost": {
        "operationnal": 37.6208978630137,
        "time": 0.27117013931274414,
        "total": 3246.970670831903,
        "construction": 3209.3497729688893
    },
    "medium-FurthestSites+95%Worse+SubTypes&LandCablesHighProba&LowCost+DummySubSub": {
        "operationnal": 189.76908368219182,
        "time": 0.5955321788787842,
        "total": 6496.485725129546,
        "construction": 6306.716641447354
    },
    "small-FurthestSites+95%Worse+SubTypes&LandCablesHighProba&LowCost+DummySubSub+Turbines": {
        "operationnal": 391.16021917808223,
        "time": 0.2286369800567627,
        "total": 3600.5646914063573,
        "construction": 3209.404472228275
    },
    "large-FurthestSites+95%Worse+SubTypes&LandCablesHighProba&LowCost+DummySubSub": {
        "operationnal": 578.8300091256982,
        "time": 0.5609099864959717,
        "total": 8705.59006524123,
        "construction": 8126.7600561155305
    },
    "small-ConstructionCost+105percent": {
        "operationnal": 671.9040000000002,
        "time": 0.05962109565734863,
        "total": 3958.3551586828253,
        "construction": 3286.4511586828253
    },
    "medium-2ndFurthestSites+95%+Turbines+DummyCable": {
        "operationnal": 91.06308493150689,
        "time": 4.745087146759033,
        "total": 6661.916164975034,
        "construction": 6570.853080043527
    },
    "small-onlyFurthestSites+ninetyFivePercentWorse+quadratic": {
        "operationnal": 37.6208978630137,
        "time": 0.9542889595031738,
        "total": 3247.2008186546564,
        "construction": 3209.5799207916425
    },
    "large-FurthestSites+95%Worse+SubTypes&LandCablesHighProba&LowCost": {
        "operationnal": 528.8043845053693,
        "time": 12.102035999298096,
        "total": 8635.66775697493,
        "construction": 8106.863372469561
    },
    "medium-onlyFurthestSites+ninetyFivePercentWorse": {
        "operationnal": 189.76908368219182,
        "time": 468.6307849884033,
        "total": 6496.524935263603,
        "construction": 6306.755851581411
    },
    "tiny": {
        "operationnal": 3.4799999999999995,
        "time": 0.008774995803833008,
        "total": 105498.4547468306,
        "construction": 105494.9747468306
    },
    "huge-ConstructionCost+FurthestSites": {
        "operationnal": 1503.8029277393825,
        "time": 348.87582087516785,
        "total": 6869.862505185729,
        "construction": 5366.059577446346
    },
    "large-FurthestSites+95%Worse+SubTypes+LandCables": {
        "operationnal": 528.8043845053693,
        "time": 71.35458111763,
        "total": 8635.66775697493,
        "construction": 8106.863372469561
    },
    "huge-FurthestSites+95%Worse+SubTypes&LandCablesHighProba&LowCost+DummySubSub+Turbines": {
        "operationnal": 980.1557616051377,
        "time": 132.6315619945526,
        "total": 6053.130752153206,
        "construction": 5072.9749905480685
    },
    "small-onlyFurthestSites+worstCaseScenario": {
        "operationnal": 16.690438356164385,
        "time": 3.049710988998413,
        "total": 3360.0285126020167,
        "construction": 3343.338074245852
    },
    "small-FurthestSites+95%Worse+SubTypes&LandCablesHighProba&LowCost+DummySubSub": {
        "operationnal": 37.6208978630137,
        "time": 0.22174596786499023,
        "total": 3246.970670831903,
        "construction": 3209.3497729688893
    },
    "small-ConstructionCost+ninetyFivePercentWorse": {
        "operationnal": 391.16021917808223,
        "time": 0.8718621730804443,
        "total": 3600.5646914063573,
        "construction": 3209.404472228275
    },
    "medium-FurthestSites+95%Worse+SubTypes&LandCablesHighProba&LowCost+DummySubSub+Turbines": {
        "operationnal": 1169.944320328767,
        "time": 0.5097751617431641,
        "total": 7476.722919440448,
        "construction": 6306.778599111681
    },
    "medium-onlyFurthestSites+ninetyFivePercentWorse+quadratic": {
        "operationnal": 189.76908368219182,
        "time": 883.4570698738098,
        "total": 6496.524935263603,
        "construction": 6306.755851581411
    },