{
    "large-95Worse+2-3Prob+LowCost+Cables+Subs": {
        "operationnal": 308.3494405682463,
        "time": 2.0669360160827637,
        "total": 8772.64695979941,
        "construction": 8464.297519231162
    },
    "huge-99Worse+1-2Prob+LowCost+Cables+1-Subs": {
        "operationnal": 256.31819215613,
        "time": 727.4652409553528,
        "total": 6188.15947087691,
        "construction": 5931.84127872078
    },
    "small-onlyFurthestSites+ninetyFivePercentWorse": {
        "operationnal": 37.6208978630137,
        "time": 0.8976800441741943,
        "total": 3247.2008186546564,
        "construction": 3209.5799207916425
    },
    "small-ConstructionCost+110percent": {
        "operationnal": 154.66709589041096,
        "time": 1.4121050834655762,
        "total": 3572.497532487177,
        "construction": 3417.830436596766
    },
    "small-onlyFurthestSites+ninetyPercentWorse": {
        "operationnal": 58.51731616438358,
        "time": 4.831736087799072,
        "total": 3268.0752937185803,
        "construction": 3209.557977554197
    },
    "small-FurthestSites+95%Worse+SubTypes+LandCables": {
        "operationnal": 37.6208978630137,
        "time": 0.395035982131958,
        "total": 3247.2008186546564,
        "construction": 3209.5799207916425
    },
    "medium-FurthestSites+95%Worse+SubTypes+LandCables": {
        "operationnal": 189.76908368219182,
        "time": 6.150393962860107,
        "total": 6496.524935263603,
        "construction": 6306.755851581411
    },
    "medium-relaxation": {
        "operationnal": 63.118798332772116,
        "time": 494.46229100227356,
        "total": 5981.194894421987,
        "construction": 5918.076096089215
    },
    "medium-FurthestSites+95%Worse+SubTypes&LandCablesHighProba&LowCost": {
        "operationnal": 189.76908368219182,
        "time": 2.115971088409424,
        "total": 6496.485725129546,
        "construction": 6306.716641447354
    },
    "large-furthestSites+95Worse+highProb+Cables+Subs": {
        "operationnal": 351.01296198049226,
        "time": 88.60232281684875,
        "total": 8817.423762200882,
        "construction": 8466.41080022039
    },
    "large-92Worse+2-3Prob+LowCost+Cables+Subs": {
        "operationnal": 570.3004476518912,
        "time": 1.8466060161590576,
        "total": 8861.010764557124,
        "construction": 8290.710316905233
    },
    "small-ConstructionCost+105percent": {
        "operationnal": 671.9040000000002,
        "time": 0.05962109565734863,
        "total": 3958.3551586828253,
        "construction": 3286.4511586828253
    },
    "medium-2ndFurthestSites+95%+Turbines+DummyCable": {
        "operationnal": 91.06308493150689,
        "time": 4.745087146759033,
        "total": 6661.916164975034,
        "construction": 6570.853080043527
    },
    "medium-onlyFurthestSites+ninetyFivePercentWorse": {
        "operationnal": 189.76908368219182,
        "time": 468.6307849884033,
        "total": 6496.524935263603,
        "construction": 6306.755851581411
    },
    "tiny": {
        "operationnal": 5.22,
        "time": 0.0034749507904052734,
        "total": 105641.6161030679,
        "construction": 105636.3961030679
    },
    "large-FurthestSites+95%Worse+SubTypes+LandCables": {
        "operationnal": 528.8043845053693,
        "time": 71.35458111763,
        "total": 8635.66775697493,
        "construction": 8106.863372469561
    },
    "small-testing": {
        "operationnal": 37.6208978630137,
        "time": 451.28247594833374,
        "total": 3246.970670831903,
        "construction": 3209.3497729688893
    },
    "large-99Worse+1-2-3Prob+LowCost+Cables+Subs": {
        "operationnal": 216.3210976425207,
        "time": 96.82996582984924,
        "total": 8719.12245977712,
        "construction": 8502.8013621346
    },
    "huge-furthestSites+LC+Subs+Probas+Cost+Turbines+95Worse+DummySubSub": {
        "operationnal": 635.4078256078775,
        "time": 105.21727800369263,
        "total": 6297.683128737072,
        "construction": 5662.275303129195
    },
    "large-furthestSites+95Worse+2-3Prob+LowCost+Cables+Subs": {
        "operationnal": 277.56505559539727,
        "time": 2.870042085647583,
        "total": 8780.318434416817,
        "construction": 8502.753378821419
    },
    "huge-testing": {
        "operationnal": 268.6321069928425,
        "time": 40.32237100601196,
        "total": 5995.670272138334,
        "construction": 5727.038165145492
    },
    "medium-FurthestSites+95%Worse+SubTypes&LandCablesHighProba&LowCost+NoSubSub": {
        "operationnal": 775.1317466958902,
        "time": 0.9163351058959961,
        "total": 7018.213631166362,
        "construction": 6243.081884470472
    },
    "medium-onlyFurthestSites+worstCaseScenario": {
        "operationnal": 91.06308493150689,
        "time": 40.022510051727295,
        "total": 6487.188127219001,
        "construction": 6396.125042287495
    },
    "large-91Worse+2-3Prob+LowCost+Cables+Subs": {
        "operationnal": 212.17190908142481,
        "time": 9.159580945968628,
        "total": 9256.633999976912,
        "construction": 9044.462090895488
    },
    "large-90Worse+2-3Prob+LowCost+Cables+Subs": {
        "operationnal": 964.4753334627947,
        "time": 4.014103174209595,
        "total": 8925.414501731568,
        "construction": 7960.939168268774
    },
    "medium-testing": {
        "operationnal": 95.33177753424663,
        "time": 1749.998055934906,
        "total": 6491.1868624738145,
        "construction": 6395.855084939568
    },
    "huge-FurthestSites+95%Worse+SubTypes&LandCablesHighProba&LowCost+DummySubSub+Turbines": {
        "operationnal": 980.1557616051377,
        "time": 132.6315619945526,
        "total": 6053.130752153206,
        "construction": 5072.9749905480685
    },
    "medium-onlyFurthestSites+ninetyFivePercentWorse+quadratic": {
        "operationnal": 189.76908368219182,
        "time": 883.4570698738098,
        "total": 6496.524935263603,
        "construction": 6306.755851581411
    },
    "medium-onlyFurthestSites+ninetyPercentWorse": {
        "operationnal": 485.3598345863016,
        "time": 569.7751898765564,
        "total": 6620.203555084948,
        "construction": 6134.843720498646
    },
    "huge-99Worse+1-2-3Prob+LowCost+Cables+Subs": {
        "operationnal": 268.6321069928425,
        "time": 100.8680009841919,
        "total": 5584.713001881805,
        "construction": 5316.080894888963
    },
    "small-FurthestSites+95%Worse+SubTypes&LandCablesHighProba&LowCost+DummySubSub+Turbines": {
        "operationnal": 391.16021917808223,
        "time": 0.2286369800567627,
        "total": 3600.5646914063573,
        "construction": 3209.404472228275
    },
    "large-FurthestSites+95%Worse+SubTypes&LandCablesHighProba&LowCost": {
        "operationnal": 528.8043845053693,
        "time": 12.102035999298096,
        "total": 8635.66775697493,
        "construction": 8106.863372469561
    },
    "large-testing": {
        "operationnal": 216.3210976425207,
        "time": 59.16024589538574,
        "total": 8719.12245977712,
        "construction": 8502.8013621346
    },
    "small-onlyFurthestSites+worstCaseScenario": {
        "operationnal": 16.690438356164385,
        "time": 3.049710988998413,
        "total": 3360.0285126020167,
        "construction": 3343.338074245852
    },
    "small-FurthestSites+95%Worse+SubTypes&LandCablesHighProba&LowCost+DummySubSub": {
        "operationnal": 37.6208978630137,
        "time": 0.22174596786499023,
        "total": 3246.970670831903,
        "construction": 3209.3497729688893
    },
    "medium-FurthestSites+95%Worse+SubTypes&LandCablesHighProba&LowCost+DummySubSub+Turbines": {
        "operationnal": 1169.944320328767,
        "time": 0.5097751617431641,
        "total": 7476.722919440448,
        "construction": 6306.778599111681
    },
    "medium-onlyFurthestSites+worstCaseScenario+quadratic": {
        "operationnal": 91.06308493150689,