{
    "huge-FurthestSites+95%Worse+SubTypes&LandCablesHighProba&LowCost+DummySubSub": {
        "construction": 5072.874177869407,
        "operationnal": 706.9372320840421,
        "time": 123.94119501113892,
        "total": 5779.811409953449
    },
    "huge-FurthestSites+95%Worse+SubTypes&LandCablesHighProba&LowCost+DummySubSub+Turbines": {
        "construction": 5072.9749905480685,
        "operationnal": 980.1557616051377,
        "time": 132.6315619945526,
        "total": 6053.130752153206
    },
    "large-FurthestSites+95%Worse+SubTypes&LandCablesHighProba&LowCost": {
        "construction": 8106.863372469561,
        "operationnal": 528.8043845053693,
        "time": 12.102035999298096,
        "total": 8635.66775697493
    },
    "large-FurthestSites+95%Worse+SubTypes&LandCablesHighProba&LowCost+DummySubSub": {
        "construction": 8126.7600561155305,
        "operationnal": 578.8300091256982,
        "time": 0.5609099864959717,
        "total": 8705.59006524123
    },
    "large-FurthestSites+95%Worse+SubTypes&LandCablesHighProba&LowCost+DummySubSub+Turbines": {
        "construction": 8126.858953720212,
        "operationnal": 1294.7679593573682,
        "time": 0.5058810710906982,
        "total": 9421.62691307758
    },
    "large-FurthestSites+95%Worse+SubTypes+LandCables": {
        "construction": 8106.863372469561,
        "operationnal": 528.8043845053693,
        "time": 71.35458111763,
        "total": 8635.66775697493
    },
    "large-onlyFurthestSites+ninetyFivePercentWorse": {
        "construction": 2806.000505385774,
        "operationnal": 3.8343564000000048,
        "time": 2179.4236719608307,
        "total": 2809.834861785774
    },
    "medium-FurthestSites+95%Worse+SubTypes&LandCablesHighProba&LowCost": {
        "construction": 6306.716641447354,
        "operationnal": 189.76908368219182,
        "time": 2.115971088409424,
        "total": 6496.485725129546
    },
    "medium-FurthestSites+95%Worse+SubTypes&LandCablesHighProba&LowCost+DummySubSub": {
        "construction": 6306.716641447354,
        "operationnal": 189.76908368219182,
        "time": 0.5955321788787842,
        "total": 6496.485725129546
    },
    "medium-FurthestSites+95%Worse+SubTypes&LandCablesHighProba&LowCost+DummySubSub+Turbines": {
        "construction": 6306.778599111681,
        "operationnal": 1169.944320328767,
        "time": 0.5097751617431641,
        "total": 7476.722919440448
    },
    "medium-FurthestSites+95%Worse+SubTypes&LandCablesHighProba&LowCost+NoSubSub": {
        "construction": 6243.081884470472,
        "operationnal": 775.1317466958902,
        "time": 0.9163351058959961,
        "total": 7018.213631166362
    },
    "medium-FurthestSites+95%Worse+SubTypes+LandCables": {
        "construction": 6306.755851581411,
        "operationnal": 189.76908368219182,
        "time": 6.150393962860107,
        "total": 6496.524935263603
    },
    "medium-onlyFurthestSites+ninetyFivePercentWorse": {
        "construction": 6306.755851581411,
        "operationnal": 189.76908368219182,
        "time": 468.6307849884033,
        "total": 6496.524935263603
    },
    "medium-onlyFurthestSites+ninetyFivePercentWorse+quadratic": {
        "construction": 6306.755851581411,
        "operationnal": 189.76908368219182,
        "time": 883.4570698738098,
        "total": 6496.524935263603
    },
    "medium-onlyFurthestSites+ninetyPercentWorse": {
        "construction": 6134.843720498646,
        "operationnal": 485.3598345863016,
        "time": 569.7751898765564,
        "total": 6620.203555084948
    },
    "medium-onlyFurthestSites+worstCaseScenario": {
        "construction": 6396.125042287495,
        "operationnal": 91.06308493150689,
        "time": 40.022510051727295,
        "total": 6487.188127219001
    },
    "medium-onlyFurthestSites+worstCaseScenario+quadratic": {
        "construction": 6396.125042287495,
        "operationnal": 91.06308493150689,
        "time": 39.9595091342926,
        "total": 6487.188127219001
    },
    "small": {
        "construction": 3209.5799207916425,
        "operationnal": 37.6208978630137,
        "time": 1140.456465959549,
        "total": 3247.2008186546564
    },
    "small-FurthestSites+95%Worse+SubTypes&LandCablesHighProba&LowCost": {
        "construction": 3209.3497729688893,
        "operationnal": 37.6208978630137,
        "time": 0.27117013931274414,
        "total": 3246.970670831903
    },
    "small-FurthestSites+95%Worse+SubTypes&LandCablesHighProba&LowCost+DummySubSub": {
        "construction": 3209.3497729688893,
        "operationnal": 37.6208978630137,
        "time": 0.22174596786499023,
        "total": 3246.970670831903
    },
    "small-FurthestSites+95%Worse+SubTypes&LandCablesHighProba&LowCost+DummySubSub+Turbines": {
        "construction": 3209.404472228275,
        "operationnal": 391.16021917808223,
        "time": 0.2286369800567627,
        "total": 3600.5646914063573
    },
    "small-FurthestSites+95%Worse+SubTypes+LandCables": {
        "construction": 3209.5799207916425,
        "operationnal": 37.6208978630137,
        "time": 0.395035982131958,
        "total": 3247.2008186546564
    },
    "small-onlyFurthestSites+ninetyFivePercentWorse": {
        "construction": 3209.5799207916425,
        "operationnal": 37.6208978630137,
        "time": 0.8976800441741943,
        "total": 3247.2008186546564
    },
    "small-onlyFurthestSites+ninetyFivePercentWorse+quadratic": {
        "construction": 3209.5799207916425,
        "operationnal": 37.6208978630137,
        "time": 0.9542889595031738,
        "total": 3247.2008186546564
    },
    "small-onlyFurthestSites+ninetyPercentWorse": {
        "construction": 3209.557977554197,
        "operationnal": 58.51731616438358,
        "time": 4.831736087799072,
        "total": 3268.0752937185803
    },
    "small-onlyFurthestSites+worstCaseScenario": {
        "construction": 3343.338074245852,
        "operationnal": 16.690438356164385,
        "time": 3.049710988998413,
        "total": 3360.0285126020167
    },
    "tiny": {
        "construction": 105494.9747468306,
        "operationnal": 3.4799999999999995,
        "time": 0.008774995803833008,
        "total": 105498.4547468306
    }
}