{
    "medium": {
        "operational": 119.25696161095897,
        "time": 2353.0811021327972,
        "total": 6425.977972628821,
        "construction": 6306.721011017862
    },
    "small": {
        "operational": 34.80769906849314,
        "time": 443.174840927124,
        "total": 3244.157472037383,
        "construction": 3209.3497729688897
    },
    "large": {
        "operational": 528.8043845053693,
        "time": 12.102035999298096,
        "total": 8635.66775697493,
        "construction": 8106.863372469561
    },
    "huge": {
        "operational": 267.55107891174663,
        "time": 20.96897602081299,
        "total": 5583.63197380071,
        "construction": 5316.080894888963
    }
}
