{
    "medium": {
        "operational": 165.73200154520555,
        "operationnal": 91.06308493150689,
        "time": 196.89221096038818,
        "total": 6472.448642992558,
        "construction": 6306.716641447353
    },
    "small": {
        "operational": 34.80769906849314,
        "operationnal": 37.6208978630137,
        "time": 443.174840927124,
        "total": 3244.157472037383,
        "construction": 3209.3497729688897
    },
    "large": {
        "operationnal": 528.8043845053693,
        "time": 12.102035999298096,
        "total": 8635.66775697493,
        "construction": 8106.863372469561
    },
    "huge": {
        "operationnal": 268.6321069928425,
        "time": 100.8680009841919,
        "total": 5584.713001881805,
        "construction": 5316.080894888963
    }
}
